1,Planet Express,Windsor,50,640,5.21,0.3621,0.08
2,Planet Express,Hamilton,50,640,5.21,0.3621,0.08
3,Planet Express,Oshawa,50,640,5.21,0.3621,0.08
4,Planet Express,Belleville,50,640,5.21,0.3621,0.08
5,Planet Express,Ottawa,50,640,5.21,0.3621,0.08
6,Schooner's,London,18,98,5.05,0.3434,0.07
7,Schooner's,Toronto,18,98,5.05,0.3434,0.07
8,Schooner's,Kingston,18,98,5.05,0.3434,0.07
9,Tillman Transport,Windsor,24,35,5.11,0.3012,0.09
10,Tillman Transport,London,18,45,5.11,0.3012,0.09
11,Tillman Transport,Hamilton,18,45,5.11,0.3012,0.09
12,We Haul,Ottawa,11,0,5.2,0,0.065
13,We Haul,Toronto,11,0,5.2,0,0.065
