9,1,2,191.000000000000000000000000000000,2.500000000000000000000000000000
10,1,3,259.000000000000000000000000000000,3.750000000000000000000000000000
11,1,4,319.000000000000000000000000000000,5.050000000000000000000000000000
12,1,5,454.000000000000000000000000000000,6.700000000000000000000000000000
13,1,6,536.000000000000000000000000000000,8.200000000000000000000000000000
14,1,7,732.000000000000000000000000000000,10.700000000000000000000000000000
15,1,8,928.000000000000000000000000000000,13.200000000000000000000000000000
16,2,3,196.000000000000000000000000000000,2.500000000000000000000000000000
17,2,4,256.000000000000000000000000000000,4.250000000000000000000000000000
18,2,5,391.000000000000000000000000000000,5.900000000000000000000000000000
19,2,6,473.000000000000000000000000000000,7.500000000000000000000000000000
20,2,7,669.000000000000000000000000000000,10.000000000000000000000000000000
21,2,8,865.000000000000000000000000000000,12.500000000000000000000000000000
22,3,4,60.000000000000000000000000000000,1.300000000000000000000000000000
23,3,5,195.000000000000000000000000000000,2.950000000000000000000000000000
24,3,6,277.000000000000000000000000000000,4.700000000000000000000000000000
25,3,7,473.000000000000000000000000000000,7.200000000000000000000000000000
26,3,8,669.000000000000000000000000000000,9.700000000000000000000000000000
27,4,5,135.000000000000000000000000000000,1.650000000000000000000000000000
28,4,6,217.000000000000000000000000000000,3.400000000000000000000000000000
29,4,7,413.000000000000000000000000000000,5.900000000000000000000000000000
30,4,8,609.000000000000000000000000000000,8.400000000000000000000000000000
31,5,6,82.000000000000000000000000000000,1.200000000000000000000000000000
32,5,7,278.000000000000000000000000000000,3.750000000000000000000000000000
33,5,8,474.000000000000000000000000000000,6.300000000000000000000000000000
34,6,7,196.000000000000000000000000000000,2.500000000000000000000000000000
35,6,8,392.000000000000000000000000000000,5.000000000000000000000000000000
36,7,8,196.000000000000000000000000000000,2.500000000000000000000000000000
37,8,7,196.000000000000000000000000000000,2.500000000000000000000000000000
38,8,6,278.000000000000000000000000000000,3.750000000000000000000000000000
39,8,5,413.000000000000000000000000000000,5.350000000000000000000000000000
40,8,4,473.000000000000000000000000000000,6.650000000000000000000000000000
41,8,3,541.000000000000000000000000000000,7.900000000000000000000000000000
42,8,2,669.000000000000000000000000000000,9.650000000000000000000000000000
43,8,1,860.000000000000000000000000000000,12.150000000000000000000000000000
44,7,6,82.000000000000000000000000000000,1.200000000000000000000000000000
45,7,5,217.000000000000000000000000000000,2.850000000000000000000000000000
46,7,4,277.000000000000000000000000000000,4.150000000000000000000000000000
47,7,3,345.000000000000000000000000000000,5.400000000000000000000000000000
48,7,2,473.000000000000000000000000000000,7.150000000000000000000000000000
49,7,1,664.000000000000000000000000000000,9.650000000000000000000000000000
50,6,5,135.000000000000000000000000000000,1.650000000000000000000000000000
51,6,4,195.000000000000000000000000000000,2.950000000000000000000000000000
52,6,3,263.000000000000000000000000000000,4.200000000000000000000000000000
53,6,2,391.000000000000000000000000000000,5.950000000000000000000000000000
54,6,1,582.000000000000000000000000000000,8.450000000000000000000000000000
55,5,4,60.000000000000000000000000000000,1.300000000000000000000000000000
56,5,3,128.000000000000000000000000000000,2.550000000000000000000000000000
57,5,2,256.000000000000000000000000000000,4.300000000000000000000000000000
58,5,1,447.000000000000000000000000000000,6.800000000000000000000000000000
59,4,3,68.000000000000000000000000000000,1.250000000000000000000000000000
60,4,2,196.000000000000000000000000000000,3.000000000000000000000000000000
61,4,1,387.000000000000000000000000000000,5.500000000000000000000000000000
62,3,2,128.000000000000000000000000000000,1.750000000000000000000000000000
63,3,1,319.000000000000000000000000000000,4.250000000000000000000000000000
64,2,1,191.000000000000000000000000000000,2.500000000000000000000000000000
